Workload	Configuration	Walk Cycles	Non-Walk Cycles	 Norm. Perf.
GUPS	LP-LD	0.000000	1.000000	1.000000
XSBench	LP-LD	0.000000	1.000000	1.000000
XSBench	RPI-LD	0.000000	7.685497	7.685497
XSBench	RPI-LD+M	0.000000	7.309672	7.309672
XSBench	RPI-LD+W	0.000000	6.980019	6.980019
